EMDB ID,Entry ID,Chain ID,count Deposited,RMSD Deposited,Coverage Deposited,Sequence Match Deposited,count CryoTEN,RMSD CryoTEN,Coverage CryoTEN,Sequence Match CryoTEN
23517,7LTO,B,144.0,1.48,41.6,12.1,128.0,2.17,88.2,3.8
31722,7V5C,B,144.0,1.52,87.6,7.2,144.0,1.56,94.1,8.6
31722,7V5C,A,144.0,1.49,88.6,6.1,144.0,1.57,91.4,7.8
30664,7DFH,B,109.0,1.65,81.6,6.5,108.0,1.73,94.7,14.8
30342,7CEC,C,103.0,2.04,58.5,6.0,144.0,2.03,56.6,6.2
22884,7KI4,C,100.0,1.63,91.4,10.4,108.0,2.05,100.0,8.6
22884,7KI4,B,126.0,1.11,46.4,6.2,108.0,1.15,46.2,6.8
7113,6BLY,B,144.0,1.74,91.7,7.5,144.0,1.75,98.6,3.4
32765,7WSR,B,144.0,1.34,70.7,7.1,144.0,1.46,82.0,17.3
13953,7QG9,M,120.0,1.69,77.9,6.4,121.0,2.25,92.1,4.7
13953,7QG9,H,143.0,1.19,93.3,50.4,108.0,1.16,93.6,47.7
26838,7UWQ,C,144.0,1.36,89.6,6.7,108.0,1.39,86.6,55.5
26838,7UWQ,B,144.0,1.38,88.5,17.2,131.0,1.4,90.8,48.6
33619,7Y5G,B,137.0,1.63,20.9,9.5,144.0,1.75,80.5,7.4
33619,7Y5G,A,134.0,1.56,63.9,4.7,140.0,1.75,78.1,7.6
22278,6XOS,A,143.0,1.9,68.9,6.0,144.0,1.69,72.6,7.1
17240,8OWN,C,126.0,1.33,89.3,12.0,140.0,1.32,88.0,36.3
17240,8OWN,B,137.0,1.27,89.5,40.6,144.0,1.33,90.2,40.5
17240,8OWN,F,106.0,1.3,91.7,48.9,136.0,1.31,90.2,51.1
7076,6BBM,C,144.0,1.81,59.6,7.0,144.0,1.82,66.0,6.4
27630,8DP5,C,144.0,1.32,77.8,5.0,144.0,1.25,87.0,10.5
27630,8DP5,B,144.0,1.72,29.9,16.0,144.0,1.85,71.9,8.7
23970,7MSW,A,144.0,1.74,70.4,6.9,144.0,1.68,73.9,6.2
29644,8G04,C,144.0,1.74,33.0,9.2,144.0,2.02,68.0,6.0
29644,8G04,B,144.0,1.69,36.5,6.2,144.0,2.03,66.5,11.0
4936,6RMG,B,109.0,1.8,96.0,11.8,144.0,1.8,92.0,5.8
9832,6JI1,C,141.0,2.04,57.1,10.2,144.0,2.06,64.7,8.7
9832,6JI1,B,141.0,2.03,56.3,5.8,144.0,2.1,61.7,7.4
9832,6JI1,A,140.0,2.01,60.4,7.2,144.0,2.08,64.5,6.4
9832,6JI1,D,141.0,1.97,61.0,7.4,144.0,2.08,61.0,6.7
34029,7YQM,A,144.0,1.32,66.1,6.1,144.0,1.37,78.3,8.8
35080,8HW1,C,144.0,1.2,78.0,5.9,137.0,1.26,79.7,20.3
35080,8HW1,H,144.0,1.24,79.7,12.5,122.0,1.25,86.7,8.6
4759,6R8F,C,144.0,1.85,59.7,2.1,144.0,1.99,92.4,4.1
4759,6R8F,B,144.0,1.4,80.0,6.5,133.0,1.47,80.0,5.4
4759,6R8F,A,120.0,1.43,79.0,6.4,108.0,1.49,90.8,6.5
32328,7W6K,B,144.0,2.1,73.2,5.7,144.0,2.0,76.6,5.7
32328,7W6K,A,106.0,2.13,71.5,6.5,144.0,2.01,76.1,7.4
30002,6LW1,B,144.0,1.46,73.0,7.2,127.0,1.52,75.1,7.3
20950,6UZ2,B,140.0,2.08,62.3,5.1,144.0,1.99,65.1,8.6
20950,6UZ2,A,113.0,2.06,59.5,9.7,144.0,1.99,66.5,5.0
33242,7XK3,C,136.0,1.23,88.0,4.1,143.0,1.21,94.0,61.0
33242,7XK3,B,138.0,1.07,92.5,24.9,144.0,1.24,92.0,51.4
12718,7O4H,C,144.0,1.88,80.0,5.9,144.0,1.93,81.5,8.7
12718,7O4H,B,144.0,1.9,80.3,5.3,144.0,1.86,82.1,10.4
12718,7O4H,A,144.0,1.96,69.7,7.4,144.0,1.99,69.0,6.9
12718,7O4H,D,114.0,2.0,40.2,5.2,144.0,1.88,43.9,4.8
18453,8QJX,C,144.0,2.12,90.9,7.8,118.0,2.28,99.5,7.1
18453,8QJX,B,144.0,1.74,98.5,10.3,144.0,1.62,97.0,6.8
18453,8QJX,A,144.0,1.7,97.5,6.8,144.0,1.61,97.0,7.9
18453,8QJX,E,144.0,1.91,75.2,4.6,100.0,1.86,84.2,6.5
10619,6XTX,A,144.0,1.49,73.5,4.2,144.0,1.41,74.0,6.2
13157,7P16,B,114.0,1.84,57.1,23.6,144.0,1.57,79.4,6.0
13157,7P16,A,144.0,1.86,56.6,8.3,144.0,1.96,77.0,9.4
23214,7L7J,C,140.0,1.74,77.3,8.2,143.0,1.73,58.2,4.7
26741,7USW,C,143.0,1.26,82.1,6.6,144.0,1.26,85.3,5.1
26741,7USW,B,144.0,1.39,47.2,8.0,144.0,2.06,78.8,5.6
26741,7USW,A,144.0,1.41,46.4,3.9,144.0,1.98,42.3,7.8
12483,7NNT,C,144.0,1.26,89.9,42.1,127.0,1.32,86.4,24.7
12483,7NNT,B,144.0,1.37,85.7,41.6,144.0,1.41,86.4,41.3
12483,7NNT,A,140.0,1.33,88.5,6.9,114.0,1.37,89.6,18.4
26351,7U5I,C,144.0,1.69,76.3,8.3,144.0,1.61,77.4,5.7
26351,7U5I,H,120.0,1.63,78.2,6.0,144.0,1.61,78.8,21.3
22937,7KNA,C,141.0,1.58,88.0,5.2,144.0,1.57,92.1,6.3
22937,7KNA,B,142.0,1.59,88.8,5.4,109.0,1.56,95.4,7.8
