EMDB ID,Entry ID,Chain ID,Coverage (Deposited),Sequence Match (Deposited),Coverage (CryoTEN),Sequence Match (CryoTEN)
35363,8IDC,A,54.6,4.8,62.6,5.6
35363,8IDC,C,73.2,7.9,76.9,10.6
35363,8IDC,D,68.8,7.4,80.3,5.9
35363,8IDC,B,44.4,6.0,49.8,6.2
35363,8IDC,E,52.0,7.7,58.7,8.5
21927,6WW2,R,72.0,12.1,72.9,12.6
21927,6WW2,K,42.5,13.7,46.7,5.4
21927,6WW2,L,58.0,12.2,78.3,39.2
21927,6WW2,H,36.4,4.9,51.1,28.7
7076,6BBM,A,42.2,6.4,44.9,7.7
7076,6BBM,C,41.9,9.5,59.8,8.9
7076,6BBM,D,42.9,24.1,59.3,7.4
7076,6BBM,F,48.4,6.5,73.0,8.3
7076,6BBM,B,33.3,6.0,47.7,7.0
7076,6BBM,E,57.5,6.1,63.4,12.5
26831,7UWF,A,80.9,66.1,89.2,63.7
26831,7UWF,C,70.7,70.3,89.0,84.0
26831,7UWF,D,74.4,79.5,90.2,87.2
26831,7UWF,B,86.7,78.6,93.6,63.3
11743,7AEB,A,66.7,74.0,84.9,71.9
11743,7AEB,k,54.6,80.5,66.7,78.7
11743,7AEB,p,64.5,45.1,69.5,49.0
11743,7AEB,C,77.0,67.4,77.4,73.2
11743,7AEB,h,63.5,80.5,78.3,52.6
11743,7AEB,Q,94.2,70.8,96.0,82.9
11743,7AEB,b,97.2,81.6,98.6,67.1
11743,7AEB,c,96.6,70.0,97.9,57.0
11743,7AEB,P,95.6,66.5,93.3,73.8
11743,7AEB,X,91.7,76.2,88.0,57.3
11743,7AEB,d,94.5,71.5,98.6,89.5
11743,7AEB,M,95.1,72.4,96.4,89.9
11743,7AEB,n,54.6,79.2,69.5,19.4
11743,7AEB,D,65.2,63.7,75.6,50.8
11743,7AEB,R,95.1,76.2,94.7,77.5
11743,7AEB,l,65.2,43.5,74.5,31.4
11743,7AEB,K,64.3,67.5,85.2,61.4
11743,7AEB,F,71.0,62.3,82.7,68.9
11743,7AEB,g,63.5,69.2,82.1,56.3
11743,7AEB,W,92.5,80.5,96.2,75.8
11743,7AEB,G,63.0,80.4,75.9,66.4
11743,7AEB,B,63.8,58.3,76.3,67.1
11743,7AEB,e,66.1,54.3,81.2,66.5
11743,7AEB,i,63.8,78.9,81.7,52.7
11743,7AEB,S,90.2,75.0,87.2,81.9
11743,7AEB,f,67.0,65.6,78.6,73.4
11743,7AEB,o,63.1,53.9,73.0,68.9
11743,7AEB,I,71.0,65.9,75.7,61.7
11743,7AEB,Y,97.9,76.8,64.8,68.1
11743,7AEB,O,93.8,73.5,83.1,73.3
11743,7AEB,j,59.7,82.4,78.5,73.9
11743,7AEB,V,88.7,75.4,95.5,79.5
11743,7AEB,Z,95.9,82.7,97.9,83.1
11743,7AEB,a,95.9,75.5,97.9,78.2
11743,7AEB,N,94.7,86.9,96.9,64.7
11743,7AEB,T,91.7,86.1,90.2,67.5
11743,7AEB,m,67.4,66.3,68.8,50.5
11743,7AEB,E,66.3,62.9,78.5,75.2
11743,7AEB,L,67.8,38.2,83.7,67.8
11743,7AEB,U,91.7,86.9,97.0,81.4
11743,7AEB,H,68.2,64.6,79.7,62.8
11743,7AEB,J,66.4,60.5,78.6,62.1
27630,8DP5,A,74.6,81.5,89.8,73.0
27630,8DP5,C,83.9,66.8,89.6,97.1
27630,8DP5,D,90.0,83.7,93.9,93.5
27630,8DP5,B,53.1,60.7,64.5,68.1
27630,8DP5,E,85.7,66.7,71.4,40.0
23092,7KZX,A,40.9,7.8,40.6,8.8
23092,7KZX,C,25.3,4.2,38.9,8.1
23092,7KZX,D,32.5,4.4,60.8,8.7
23092,7KZX,F,30.1,4.8,54.5,4.4
23092,7KZX,B,54.1,24.3,42.0,22.9
23092,7KZX,E,31.9,6.6,66.5,6.3
13456,7PK9,A,79.1,77.3,91.7,87.8
13456,7PK9,C,90.8,73.8,95.1,48.5
13456,7PK9,D,80.1,54.5,87.4,75.6
13456,7PK9,F,93.2,68.8,90.3,78.5
13456,7PK9,G,85.0,56.6,56.3,26.7
13456,7PK9,B,88.8,68.9,78.6,66.7
13456,7PK9,I,83.5,26.7,76.7,71.5
13456,7PK9,E,88.3,72.5,97.6,88.6
13456,7PK9,H,85.0,47.4,83.0,90.6
13456,7PK9,J,71.4,38.1,84.0,53.2
13867,7Q97,A,44.2,18.4,59.1,45.4
13867,7Q97,B,44.0,25.4,59.4,46.5
31970,7VGI,A,69.5,39.1,76.1,45.2
31970,7VGI,B,68.6,62.0,86.8,64.7
0723,6KNB,A,27.3,7.3,23.1,13.5
0723,6KNB,C,26.5,3.0,29.7,4.1
0723,6KNB,D,22.5,12.5,34.5,4.7
0723,6KNB,B,16.9,7.4,15.7,8.5
23970,7MSW,A,32.8,9.1,41.7,24.2
10497,6TGB,A,39.0,4.1,36.1,3.6
10497,6TGB,D,19.5,6.2,26.3,3.7
10497,6TGB,B,38.1,7.3,51.3,5.2
23517,7LTO,A,76.8,44.0,85.8,34.3
23517,7LTO,B,64.3,26.8,81.1,13.5
26978,8CT2,A,80.1,80.7,82.1,83.7
26978,8CT2,C,79.7,77.6,85.8,79.1
26978,8CT2,D,72.0,64.4,67.9,86.2
26978,8CT2,B,85.8,81.0,77.2,74.2
31722,7V5C,A,64.0,41.5,75.2,59.1
31722,7V5C,B,55.2,39.2,87.8,69.1
30664,7DFH,A,77.4,60.2,86.9,59.2
30664,7DFH,C,87.3,74.5,96.8,96.7
30664,7DFH,G,64.2,4.4,40.6,4.7
30664,7DFH,B,87.7,50.0,86.0,4.1
30342,7CEC,A,16.6,3.3,37.8,8.6
30342,7CEC,C,25.3,4.1,35.4,8.9
30342,7CEC,D,55.3,7.7,48.9,4.3
30342,7CEC,F,38.0,7.7,56.1,1.0
30342,7CEC,G,44.4,15.5,77.5,8.1
30342,7CEC,B,19.7,4.8,46.6,8.0
30342,7CEC,I,30.7,4.7,33.6,4.3
25442,7SUN,A,69.9,39.0,70.8,70.9
25442,7SUN,B,71.7,47.3,74.4,61.2
22884,7KI4,A,90.4,65.7,95.1,58.2
22884,7KI4,C,76.2,40.0,97.1,48.0
22884,7KI4,D,92.3,75.0,94.0,60.9
22884,7KI4,F,89.5,48.9,83.8,71.6
22884,7KI4,G,86.3,59.4,84.6,69.7
22884,7KI4,B,94.9,54.1,96.7,73.7
22884,7KI4,E,92.2,65.6,86.6,57.0
22884,7KI4,L,84.8,38.2,94.3,74.7
22884,7KI4,H,67.5,72.2,93.2,74.3
31456,7F53,A,55.9,41.7,80.2,49.5
31456,7F53,R,69.2,23.8,73.6,35.8
31456,7F53,G,89.5,45.1,87.7,96.0
31456,7F53,B,81.4,8.7,92.6,38.7
31456,7F53,N,50.8,14.1,76.2,24.0
31456,7F53,L,69.2,11.1,84.6,9.1
7113,6BLY,A,70.6,37.5,85.2,62.2
7113,6BLY,B,56.2,31.4,85.7,52.4
24241,7N8P,A,83.6,42.3,90.7,75.7
24241,7N8P,B,85.3,64.3,90.9,75.8
22189,6XI0,C,63.4,65.7,84.9,76.9
22189,6XI0,Q,75.3,44.1,70.2,44.8
22189,6XI0,P,72.6,75.6,94.8,63.3
22189,6XI0,D,75.3,47.5,84.3,74.7
22189,6XI0,R,28.7,71.2,38.7,47.1
22189,6XI0,E,24.9,80.0,38.1,59.4
32765,7WSR,A,69.7,51.9,81.2,79.7
32765,7WSR,B,63.8,70.8,88.8,84.4
32509,7WHR,A,50.8,43.8,60.4,26.4
32509,7WHR,C,49.5,21.1,68.4,6.8
32509,7WHR,D,39.6,9.7,64.6,38.3
32509,7WHR,F,45.6,21.7,64.6,39.6
32509,7WHR,B,45.1,10.4,69.0,23.9
32509,7WHR,E,53.3,7.2,69.8,9.1
24784,7S05,A,61.3,42.5,83.8,71.0
24784,7S05,B,71.6,37.1,84.2,50.3
23740,7MBP,A,70.1,64.2,77.3,74.8
23740,7MBP,C,74.5,61.5,83.1,76.3
23740,7MBP,D,74.1,72.8,81.9,77.0
23740,7MBP,B,74.5,66.4,77.0,55.4
9971,6KFF,A,76.4,59.8,90.7,73.6
9971,6KFF,C,78.6,56.9,69.3,69.1
9971,6KFF,D,83.9,65.9,82.3,60.8
9971,6KFF,F,80.4,51.0,86.6,71.7
9971,6KFF,G,82.6,63.9,85.4,83.6
9971,6KFF,B,82.0,55.3,85.4,70.5
9971,6KFF,E,76.7,41.3,88.8,84.6
9971,6KFF,H,78.3,64.7,89.8,72.7
32328,7W6K,A,73.2,24.0,79.8,15.6
32328,7W6K,B,75.9,7.1,77.6,26.1
4032,5LC5,A,90.1,10.0,86.5,11.5
4032,5LC5,p,87.0,23.1,88.8,1.3
4032,5LC5,C,69.4,4.2,66.0,5.1
4032,5LC5,h,79.1,1.9,84.3,1.8
4032,5LC5,b,48.8,5.1,56.2,2.2
4032,5LC5,d,89.5,5.9,87.7,60.0
4032,5LC5,M,90.4,39.0,72.4,8.8
4032,5LC5,n,79.5,18.2,84.3,6.4
4032,5LC5,D,43.2,7.1,70.4,3.0
4032,5LC5,K,92.6,95.5,87.4,30.1
4032,5LC5,F,37.6,10.0,58.8,10.4
4032,5LC5,q,73.2,11.9,72.5,5.0
4032,5LC5,g,79.4,15.6,78.4,46.1
4032,5LC5,W,86.5,27.1,90.1,4.0
4032,5LC5,G,12.3,2.4,29.5,3.0
4032,5LC5,B,57.8,4.7,76.9,4.4
4032,5LC5,i,58.5,22.6,63.2,22.4
4032,5LC5,S,36.2,6.9,67.5,9.3
4032,5LC5,f,70.4,13.2,64.8,8.6
4032,5LC5,o,94.8,69.1,87.9,2.0
4032,5LC5,I,24.4,7.0,69.3,4.1
4032,5LC5,Y,89.9,13.7,67.4,8.6
4032,5LC5,O,76.1,4.2,79.0,5.2
4032,5LC5,V,80.2,7.1,85.8,9.9
4032,5LC5,Z,77.5,4.7,84.8,35.0
4032,5LC5,a,73.4,4.3,81.2,3.8
4032,5LC5,N,88.1,24.8,78.8,29.2
4032,5LC5,T,78.7,1.7,80.0,6.7
4032,5LC5,m,75.4,4.5,83.1,8.2
4032,5LC5,E,64.0,7.6,71.5,5.3
4032,5LC5,L,81.5,10.2,81.5,12.0
4032,5LC5,U,60.0,5.9,60.0,3.9
4032,5LC5,H,83.4,8.0,86.9,8.5
4032,5LC5,J,81.3,28.8,80.7,67.4
26806,7UUY,A,84.1,57.9,83.9,76.3
30002,6LW1,A,55.8,25.6,73.3,37.4
30002,6LW1,B,55.2,20.7,66.6,57.5
10213,6SJ7,A,39.7,27.0,43.4,7.8
10213,6SJ7,C,39.2,6.5,46.8,5.4
10213,6SJ7,D,82.7,48.8,90.4,66.0
10213,6SJ7,B,26.7,8.7,27.9,11.1
20226,6P07,A,74.8,41.6,90.4,45.1
20226,6P07,C,46.8,36.2,84.1,66.4
20226,6P07,D,79.5,58.5,92.7,69.0
20226,6P07,F,58.3,47.4,57.3,39.0
20226,6P07,G,86.7,84.6,86.7,100.0
20226,6P07,B,82.8,45.0,91.1,79.0
20226,6P07,E,76.2,36.4,88.8,46.5
20950,6UZ2,A,59.5,19.5,65.8,15.5
20950,6UZ2,B,57.0,8.9,68.6,7.2
10399,6T8B,A,71.5,16.2,82.6,60.4
10399,6T8B,C,77.5,7.2,86.4,50.3
10399,6T8B,D,66.3,31.5,71.2,42.3
10399,6T8B,F,69.0,31.4,75.6,46.0
10399,6T8B,B,73.5,42.3,53.0,57.6
10399,6T8B,E,49.5,29.4,55.4,9.2
12170,7BG4,A,61.4,8.5,47.4,19.6
12170,7BG4,B,59.4,15.7,58.0,8.5
33242,7XK3,A,64.8,38.1,75.8,55.9
33242,7XK3,C,79.7,52.0,84.9,65.7
33242,7XK3,D,82.4,22.6,85.8,84.6
33242,7XK3,F,53.4,41.7,71.3,15.1
33242,7XK3,B,93.3,78.9,94.3,84.9
33242,7XK3,E,81.3,56.5,80.3,47.8
30795,7DOK,A,80.5,65.1,90.4,72.0
30795,7DOK,C,91.3,88.9,100.0,100.0
30795,7DOK,G,61.5,20.6,75.3,57.3
30795,7DOK,B,68.4,48.1,73.5,89.5
14847,7ZOL,A,54.0,12.3,54.7,6.1
14847,7ZOL,B,38.8,14.5,43.4,40.8
34369,8GY3,A,82.0,69.8,90.9,86.8
34369,8GY3,C,76.0,76.8,86.3,75.2
34369,8GY3,B,79.9,59.3,90.3,79.1
15531,8AN3,R,12.8,16.5,23.5,11.1
32586,7WLK,A,78.8,47.8,70.2,52.7
22075,6X6C,A,82.5,53.6,90.2,70.9
22075,6X6C,D,64.5,47.3,82.5,62.2
22075,6X6C,F,20.3,10.7,16.7,4.3
22075,6X6C,E,23.1,9.7,36.6,10.2
9832,6JI1,A,72.1,21.3,77.1,24.7
9832,6JI1,C,67.5,18.9,60.2,6.8
9832,6JI1,D,73.2,16.6,81.0,9.1
9832,6JI1,B,70.1,16.7,75.5,12.0
23465,7LOK,A,51.0,16.2,61.2,17.6
23465,7LOK,C,72.6,23.1,84.4,5.6
23465,7LOK,M,39.5,13.7,60.5,5.1
23465,7LOK,D,70.6,47.2,71.4,10.0
23465,7LOK,K,29.5,10.5,30.2,5.1
23465,7LOK,F,52.3,7.5,50.0,56.2
23465,7LOK,G,41.7,20.0,58.3,28.6
23465,7LOK,B,72.4,61.8,76.4,60.6
23465,7LOK,I,58.3,7.1,45.8,18.2
23465,7LOK,E,17.8,6.3,26.9,5.3
23465,7LOK,L,23.9,7.7,48.6,3.8
23465,7LOK,H,62.5,6.7,70.8,17.6
23465,7LOK,J,18.9,15.0,46.2,10.2
23919,7MO7,A,10.0,6.2,12.4,10.1
23919,7MO7,D,22.6,1.4,25.9,3.8
23919,7MO7,B,14.2,6.1,29.2,4.4
23919,7MO7,E,14.0,4.2,26.3,6.6
32940,7X1G,A,87.0,74.3,91.3,72.8
32940,7X1G,B,78.8,70.9,89.1,79.9
4889,6RID,A,74.8,69.9,84.8,75.3
4889,6RID,C,90.8,65.8,62.7,47.4
4889,6RID,F,86.4,86.5,91.3,83.0
4889,6RID,G,40.8,3.2,53.9,61.0
4889,6RID,B,74.6,66.0,82.9,81.3
4889,6RID,S,71.4,56.7,77.0,77.3
4889,6RID,E,92.4,85.3,93.5,74.4
4889,6RID,J,86.9,32.1,83.6,47.1
20278,6P9Y,A,69.6,29.6,74.7,64.1
20278,6P9Y,P,88.9,100.0,85.2,8.7
20278,6P9Y,R,65.9,35.3,82.9,53.7
20278,6P9Y,G,81.8,84.4,89.1,89.8
20278,6P9Y,B,84.3,32.3,84.6,47.6
20278,6P9Y,N,80.2,52.5,91.3,63.5
26741,7USW,A,62.8,53.1,71.5,66.2
26741,7USW,C,70.7,49.2,81.5,61.3
26741,7USW,D,76.1,94.3,80.4,13.5
26741,7USW,F,78.3,88.9,71.7,48.5
26741,7USW,B,66.8,50.5,75.0,62.9
26741,7USW,E,72.3,23.3,78.3,41.0
27892,8E4M,A,44.0,34.5,56.9,57.1
27892,8E4M,C,50.9,23.0,61.2,37.5
27892,8E4M,D,42.0,36.8,61.2,49.7
27892,8E4M,B,48.2,47.3,59.6,46.3
21446,6VXO,A,73.5,51.2,89.8,80.8
21446,6VXO,C,84.5,56.0,92.0,82.7
21446,6VXO,D,88.5,63.5,90.7,71.2
21446,6VXO,E,88.9,59.2,92.0,89.4
12483,7NNT,A,87.1,54.7,87.5,36.1
12483,7NNT,C,82.2,71.2,88.2,53.0
12483,7NNT,D,76.8,46.2,87.6,76.7
12483,7NNT,B,70.6,47.4,74.3,37.1
0567,6O0H,A,45.6,28.8,56.7,33.8
0567,6O0H,C,47.1,38.4,57.0,38.9
0567,6O0H,D,49.1,25.3,54.4,35.5
0567,6O0H,B,46.1,53.2,56.7,48.4
26351,7U5I,A,38.6,22.9,74.1,33.1
26351,7U5I,C,36.9,29.9,70.8,19.5
26351,7U5I,D,54.8,32.2,71.3,42.9
26351,7U5I,F,59.8,46.1,63.4,33.5
26351,7U5I,G,53.7,19.5,59.8,24.0
26351,7U5I,B,60.3,42.9,67.2,20.9
26351,7U5I,E,40.8,8.1,62.0,29.8
26351,7U5I,H,41.6,28.5,57.0,49.8
0257,6HRA,A,85.5,57.8,88.2,65.6
0257,6HRA,C,60.4,36.3,69.0,19.4
0257,6HRA,B,55.3,24.3,62.7,52.0
22937,7KNA,A,78.5,35.9,84.1,28.1
22937,7KNA,C,69.2,43.1,86.7,34.1
22937,7KNA,B,67.5,30.1,90.9,47.2
10549,6TQE,A,77.3,43.7,87.2,57.9
10549,6TQE,B,77.0,59.0,77.6,42.1
22344,7JIC,A,37.7,3.5,67.5,18.2
22344,7JIC,B,82.8,15.4,82.8,16.6
22344,7JIC,L,30.4,6.8,53.1,7.8
22344,7JIC,H,42.6,7.6,51.9,6.2
14368,7YXX,A,37.6,29.4,41.2,51.0
14368,7YXX,C,30.6,38.0,34.1,34.5
14368,7YXX,B,30.1,33.5,34.2,41.1
11793,7AI7,A,28.8,15.4,30.2,18.0
11793,7AI7,B,28.4,5.8,56.4,5.6
35452,8IHQ,A,91.5,81.6,97.5,81.7
35452,8IHQ,C,94.5,82.7,95.2,76.3
35452,8IHQ,D,94.2,75.2,75.4,68.0
35452,8IHQ,F,18.6,40.5,97.0,80.6
35452,8IHQ,G,81.2,49.2,86.4,78.5
35452,8IHQ,B,92.7,85.6,97.2,80.4
35452,8IHQ,E,88.2,67.5,97.2,73.1
35452,8IHQ,H,86.7,60.9,95.0,68.3
26838,7UWQ,A,69.7,65.6,67.9,73.8
26838,7UWQ,C,70.2,75.0,79.9,65.3
26838,7UWQ,D,71.6,59.4,82.9,66.3
26838,7UWQ,F,70.7,69.6,68.6,78.5
26838,7UWQ,B,72.3,63.3,82.2,59.6
26838,7UWQ,E,74.8,63.6,86.1,69.2
26940,7V07,C,80.7,83.0,86.3,79.6
26940,7V07,D,82.5,100.0,87.5,82.9
26940,7V07,B,70.0,82.1,70.0,7.1
26940,7V07,E,88.2,87.7,58.2,78.1
35410,8IF8,C,85.5,86.5,90.6,88.0
35410,8IF8,B,87.4,85.8,91.1,74.5
33619,7Y5G,A,57.6,46.6,57.9,33.1
33619,7Y5G,B,56.6,17.5,72.5,42.0
0716,6KLS,A,36.6,46.9,59.0,39.2
0716,6KLS,C,73.3,63.6,83.5,45.2
0716,6KLS,D,41.0,40.0,56.0,33.3
0716,6KLS,F,82.2,47.4,87.3,62.1
0716,6KLS,B,82.8,76.8,74.9,78.7
0716,6KLS,E,77.7,80.5,93.7,83.2
23615,7M18,A,31.4,9.5,43.1,8.0
23615,7M18,C,25.2,4.5,41.1,8.9
23615,7M18,P,25.5,11.0,49.9,7.0
23615,7M18,M,32.6,7.7,38.5,4.2
23615,7M18,D,27.9,2.5,31.4,3.7
23615,7M18,K,31.2,8.8,48.2,4.8
23615,7M18,F,27.2,6.9,52.0,5.0
23615,7M18,G,26.4,5.2,51.6,4.0
23615,7M18,B,28.8,4.1,44.3,4.8
23615,7M18,I,29.6,3.1,33.3,9.7
23615,7M18,O,29.1,5.5,51.8,6.6
23615,7M18,N,28.8,3.3,44.5,5.3
23615,7M18,E,26.4,6.1,52.1,4.4
23615,7M18,L,27.2,7.8,50.8,11.5
23615,7M18,H,28.6,9.8,49.9,3.8
23615,7M18,J,18.5,2.5,42.6,7.1
22278,6XOS,A,50.9,6.9,74.1,25.8
17240,8OWN,A,78.3,67.9,87.3,76.8
17240,8OWN,C,84.4,75.1,83.4,80.4
17240,8OWN,D,80.5,78.2,91.5,72.0
17240,8OWN,F,81.2,71.8,92.4,79.2
17240,8OWN,B,79.0,64.2,89.8,80.2
17240,8OWN,E,82.0,69.0,85.9,83.0
40962,8T1F,A,64.4,26.7,72.4,36.5
40962,8T1F,C,61.4,26.9,78.9,20.2
40962,8T1F,D,60.4,48.4,79.9,58.3
40962,8T1F,B,64.3,29.3,72.5,41.2
34898,8HMF,A,32.8,5.7,64.2,26.3
34898,8HMF,D,24.2,10.9,43.6,7.3
34898,8HMF,E,22.3,4.1,26.8,5.6
7046,6B40,A,53.3,6.1,67.3,7.5
7046,6B40,M,30.6,7.1,32.5,5.9
7046,6B40,N,24.0,4.5,44.0,1.9
7046,6B40,E,46.7,5.8,51.0,5.3
34258,8GTN,A,33.6,19.2,57.1,16.9
34258,8GTN,C,30.0,4.6,65.0,17.0
34258,8GTN,Q,42.9,6.5,57.6,11.2
34258,8GTN,P,38.2,6.0,53.0,21.7
34258,8GTN,X,49.3,7.5,60.8,5.3
34258,8GTN,M,43.3,8.5,60.8,10.6
34258,8GTN,D,44.2,4.2,62.2,9.6
34258,8GTN,R,51.2,8.1,64.1,5.8
34258,8GTN,K,43.8,5.3,68.7,11.4
34258,8GTN,F,27.2,8.5,66.8,15.9
34258,8GTN,W,40.1,8.0,62.7,2.9
34258,8GTN,G,44.7,6.2,65.4,13.4
34258,8GTN,B,35.9,5.1,65.4,14.8
34258,8GTN,S,49.3,5.6,70.0,15.1
34258,8GTN,I,36.4,8.9,71.4,5.2
34258,8GTN,Y,41.5,8.9,68.7,4.7
34258,8GTN,O,35.0,5.3,60.4,4.6
34258,8GTN,V,41.9,8.8,73.7,7.5
34258,8GTN,Z,33.6,4.1,66.4,18.8
34258,8GTN,a,39.2,9.4,71.9,3.8
34258,8GTN,N,21.2,4.3,69.1,6.7
34258,8GTN,T,35.9,2.6,55.3,4.2
34258,8GTN,E,39.2,10.6,63.6,14.5
34258,8GTN,L,39.6,10.5,57.1,8.1
34258,8GTN,U,45.2,6.1,61.3,38.3
34258,8GTN,H,38.7,9.5,65.0,14.9
34258,8GTN,J,57.6,1.6,51.2,2.7
13953,7QG9,A,14.7,2.9,34.9,6.2
13953,7QG9,C,19.4,5.6,17.2,30.0
13953,7QG9,Q,72.9,54.9,73.6,24.3
13953,7QG9,P,57.1,7.5,70.7,13.1
13953,7QG9,X,85.8,74.3,85.8,64.6
13953,7QG9,M,76.4,45.8,74.3,7.7
13953,7QG9,D,74.1,46.2,72.4,33.0
13953,7QG9,R,54.7,39.5,71.2,31.3
13953,7QG9,K,66.9,7.5,68.3,16.8
13953,7QG9,F,73.7,50.3,76.5,48.7
13953,7QG9,W,86.3,61.4,91.2,69.9
13953,7QG9,G,93.0,72.2,78.2,44.6
13953,7QG9,B,22.2,3.9,42.2,6.1
13953,7QG9,S,67.6,28.7,45.3,6.3
13953,7QG9,I,94.3,56.2,98.7,77.9
13953,7QG9,Y,70.1,43.4,82.8,66.3
13953,7QG9,O,68.3,15.8,76.3,30.2
13953,7QG9,V,72.5,36.5,80.4,74.4
13953,7QG9,Z,75.5,61.0,77.5,62.7
13953,7QG9,a,89.7,48.6,93.1,53.2
13953,7QG9,N,64.0,18.0,71.9,19.0
13953,7QG9,T,57.1,21.2,80.0,17.9
13953,7QG9,E,67.9,16.8,79.1,33.8
13953,7QG9,L,55.0,54.5,68.6,45.8
13953,7QG9,U,68.6,46.9,84.3,22.9
13953,7QG9,H,88.3,41.1,96.6,69.1
13953,7QG9,J,66.9,40.9,77.7,20.4
11783,7AHD,A,88.1,57.3,85.0,77.2
11783,7AHD,C,83.1,31.0,85.0,64.7
11783,7AHD,D,64.6,13.1,85.0,27.1
11783,7AHD,B,54.4,88.8,93.5,82.5
34400,8GZP,A,63.6,33.1,84.3,39.2
23684,7M5X,A,67.1,35.3,79.8,68.5
30117,6M6A,A,34.5,10.3,42.9,8.2
30117,6M6A,C,16.7,7.0,25.9,5.9
30117,6M6A,M,16.8,9.1,36.6,9.5
30117,6M6A,D,33.4,6.7,34.8,7.0
30117,6M6A,B,43.7,8.2,45.5,2.0
30117,6M6A,E,77.7,15.1,67.0,3.2
4489,6QB8,A,43.7,6.5,47.2,7.7
4489,6QB8,h,53.4,12.4,52.2,5.7
4489,6QB8,Q,39.8,6.8,53.2,12.1
4489,6QB8,b,35.8,8.2,42.1,29.9
4489,6QB8,d,49.3,22.0,41.7,7.8
4489,6QB8,D,50.1,14.3,61.8,13.3
4489,6QB8,q,53.2,15.6,56.1,7.4
4489,6QB8,g,39.4,5.9,51.6,5.7
4489,6QB8,G,44.3,8.8,47.4,5.2
4489,6QB8,B,41.9,26.2,53.5,7.2
4489,6QB8,e,39.6,5.5,57.0,7.3
4489,6QB8,z,41.7,6.1,54.9,5.4
4489,6QB8,Z,36.6,17.6,52.7,5.0
4489,6QB8,a,47.1,6.5,57.1,7.1
4489,6QB8,E,42.5,6.1,54.9,30.8
4489,6QB8,H,45.5,5.3,49.5,9.7
30189,7BTW,A,64.9,42.0,78.2,36.8
30189,7BTW,C,66.2,35.6,71.5,38.9
30189,7BTW,D,49.7,38.7,73.0,57.9
30189,7BTW,B,73.3,65.5,78.0,49.6
10351,6SZA,A,39.5,7.4,40.5,11.8
10351,6SZA,C,27.4,6.1,40.3,9.3
10351,6SZA,D,39.3,5.8,40.7,6.1
10351,6SZA,F,26.8,10.1,39.7,9.4
10351,6SZA,B,34.1,7.9,41.6,6.5
10351,6SZA,E,30.4,6.8,41.6,6.5
28332,8EOA,A,34.5,4.1,52.5,6.1
28332,8EOA,C,33.9,7.1,38.2,1.6
28332,8EOA,B,48.2,6.6,64.3,7.2
4400,6I2T,A,26.2,4.8,22.4,4.8
4400,6I2T,C,24.2,5.2,25.6,9.1
4400,6I2T,D,19.9,5.4,30.4,5.8
4400,6I2T,B,23.8,9.7,24.0,11.9
12718,7O4H,A,44.9,6.7,60.0,9.0
12718,7O4H,C,60.3,33.6,70.7,32.6
12718,7O4H,D,42.3,32.1,45.7,38.9
12718,7O4H,B,54.9,21.8,75.2,40.3
27696,8DTF,A,50.2,34.7,68.2,51.5
27696,8DTF,B,49.9,61.8,66.7,46.6
11720,7AD3,A,76.8,37.6,88.9,75.1
11720,7AD3,F,30.2,7.3,42.1,7.5
11720,7AD3,G,60.9,35.7,60.9,7.1
11720,7AD3,B,73.8,59.1,71.5,56.3
11720,7AD3,E,67.6,13.0,80.6,6.3
11720,7AD3,H,73.9,29.4,78.3,11.1
18453,8QJX,A,82.7,30.7,93.9,55.1
18453,8QJX,C,84.8,18.0,89.3,48.9
18453,8QJX,D,44.6,8.8,50.0,3.9
18453,8QJX,B,90.9,48.6,80.7,74.2
18453,8QJX,E,46.5,10.6,68.8,15.8
31479,7F6G,A,84.8,79.8,89.4,86.3
31479,7F6G,C,82.2,80.9,89.9,63.5
31479,7F6G,D,92.9,65.4,91.1,92.2
31479,7F6G,B,54.2,50.3,59.9,47.4
31479,7F6G,L,100.0,14.3,100.0,14.3
25414,7SSV,A,70.6,53.8,81.4,69.1
25414,7SSV,C,63.7,32.3,87.7,77.2
25414,7SSV,D,67.4,72.9,76.3,43.4
25414,7SSV,B,56.0,55.1,84.0,62.9
25414,7SSV,L,10.8,8.7,0.9,50.0
25414,7SSV,H,10.0,26.9,11.5,56.7
9869,6JPB,A,55.3,68.8,65.3,63.8
9869,6JPB,F,78.3,62.1,85.4,70.6
9869,6JPB,E,55.0,53.8,56.2,64.2
25745,7T8T,A,19.7,5.1,26.3,22.4
22338,7JHJ,A,63.3,43.5,75.2,33.5
22338,7JHJ,C,88.7,91.5,88.7,83.0
22338,7JHJ,D,37.3,50.6,85.4,47.7
22338,7JHJ,R,72.9,46.5,78.7,87.6
22338,7JHJ,B,92.0,66.0,95.8,52.2
10619,6XTX,6,65.2,35.4,74.1,66.6
10619,6XTX,A,80.6,25.3,84.7,39.8
10619,6XTX,C,69.1,44.0,59.8,37.1
10619,6XTX,D,78.3,61.0,91.1,64.9
10619,6XTX,4,74.9,66.5,83.9,45.8
10619,6XTX,5,45.4,45.0,77.1,40.4
10619,6XTX,B,89.8,68.4,95.5,75.0
10619,6XTX,2,48.6,18.2,66.9,36.4
10619,6XTX,3,62.5,55.8,71.7,58.7
10619,6XTX,7,73.1,51.7,84.9,69.9
10619,6XTX,E,65.1,60.6,81.2,54.7
33153,7XE0,A,35.3,14.9,51.3,30.0
33153,7XE0,C,38.4,14.0,45.8,28.4
33153,7XE0,D,40.1,10.1,45.7,7.8
33153,7XE0,F,36.0,7.7,46.2,7.1
33153,7XE0,G,34.6,18.3,46.3,26.8
33153,7XE0,B,40.1,3.8,43.4,5.8
33153,7XE0,I,38.1,16.9,44.0,29.5
33153,7XE0,E,40.0,15.2,44.4,41.4
33153,7XE0,H,42.1,5.4,38.8,8.5
33153,7XE0,J,45.4,6.1,43.1,5.3
13157,7P16,A,76.1,34.3,79.2,42.9
13157,7P16,B,24.6,3.2,64.3,7.4
23214,7L7J,A,65.3,29.3,83.8,33.5
23214,7L7J,C,30.0,9.1,42.7,19.1
23214,7L7J,B,65.1,46.9,83.3,51.4
9311,6N06,A,85.1,62.0,94.5,62.1
9311,6N06,C,83.6,66.1,88.6,56.2
9311,6N06,h,87.0,87.5,95.7,92.0
9311,6N06,Q,87.0,96.2,95.7,90.9
9311,6N06,b,94.6,78.2,91.3,78.6
9311,6N06,c,92.4,76.5,98.9,87.9
9311,6N06,X,93.5,93.0,93.5,87.2
9311,6N06,d,88.0,95.1,90.2,60.2
9311,6N06,M,82.6,69.7,95.7,93.2
9311,6N06,D,93.5,89.5,97.8,93.3
9311,6N06,R,83.7,92.2,93.5,88.4
9311,6N06,l,95.7,93.2,92.4,76.5
9311,6N06,K,88.0,81.5,94.6,97.7
9311,6N06,F,95.7,87.5,89.1,80.5
9311,6N06,g,92.4,89.4,84.8,43.6
9311,6N06,W,92.4,96.5,98.9,100.0
9311,6N06,G,84.8,74.4,85.9,93.7
9311,6N06,B,91.5,78.3,96.5,75.8
9311,6N06,e,88.0,43.2,98.9,80.2
9311,6N06,i,94.6,81.6,95.7,72.7
9311,6N06,S,94.6,85.1,96.7,88.8
9311,6N06,f,88.0,17.3,94.6,82.8
9311,6N06,I,92.4,91.8,91.3,91.7
9311,6N06,Y,88.0,51.9,94.6,92.0
9311,6N06,O,87.0,63.8,95.7,98.9
9311,6N06,j,79.3,79.5,88.0,88.9
9311,6N06,V,95.7,97.7,96.7,74.2
9311,6N06,Z,76.1,77.1,93.5,95.3
9311,6N06,a,80.4,62.2,96.7,98.9
9311,6N06,N,85.9,97.5,89.1,97.6
9311,6N06,T,95.7,93.2,96.7,100.0
9311,6N06,m,90.2,90.4,96.7,93.3
9311,6N06,L,90.2,86.7,92.4,77.6
9311,6N06,U,93.5,89.5,94.6,93.1
9311,6N06,H,95.7,86.4,94.6,96.6
9311,6N06,J,92.4,83.5,87.0,82.5
29644,8G04,A,81.5,82.9,89.4,84.4
29644,8G04,C,33.0,33.8,56.1,35.3
29644,8G04,B,32.0,4.7,40.6,9.3
21502,6W17,A,54.5,20.8,71.1,34.1
21502,6W17,C,65.2,6.9,78.1,6.2
21502,6W17,D,73.4,30.8,86.0,13.5
21502,6W17,K,74.5,22.2,87.3,40.1
21502,6W17,F,94.6,78.0,94.0,67.7
21502,6W17,G,76.7,38.3,87.3,56.5
21502,6W17,B,72.8,16.6,80.5,30.0
21502,6W17,I,78.1,24.9,78.6,35.4
21502,6W17,E,37.4,6.2,55.7,9.3
21502,6W17,L,35.2,14.6,47.7,6.2
21502,6W17,H,70.5,47.3,53.0,75.7
21502,6W17,J,73.2,4.4,73.4,59.4
15672,8AUK,A,19.9,6.9,18.9,8.6
15672,8AUK,B,26.2,6.6,27.0,6.0
15672,8AUK,E,7.5,7.7,12.7,4.5
20080,6OIS,A,80.5,47.5,82.9,64.7
20080,6OIS,C,68.8,24.7,75.2,11.3
20080,6OIS,D,24.0,10.9,42.8,23.5
20080,6OIS,F,47.6,10.1,69.4,37.7
20080,6OIS,B,81.6,52.9,92.8,89.7
20080,6OIS,E,61.7,21.7,69.9,25.7
16215,8BRI,A,53.6,67.2,62.4,29.5
16215,8BRI,C,76.1,25.7,77.3,5.2
16215,8BRI,D,73.7,7.3,68.7,7.8
16215,8BRI,F,90.2,69.6,84.3,55.8
16215,8BRI,G,90.2,95.7,88.2,91.1
16215,8BRI,B,59.7,36.0,68.2,29.6
16215,8BRI,E,65.7,7.2,70.8,38.8
10333,6SWY,4,82.5,75.4,89.4,70.1
10333,6SWY,5,88.5,79.7,88.2,58.3
10333,6SWY,8,78.8,68.0,91.1,86.5
10333,6SWY,9,55.4,54.0,54.8,53.5
24249,7N8Y,A,52.1,11.1,76.0,8.7
24249,7N8Y,C,66.1,8.8,81.4,46.2
24249,7N8Y,D,28.9,22.6,20.9,6.0
24249,7N8Y,B,25.9,5.8,37.9,10.0
4936,6RMG,A,82.5,63.6,91.2,66.7
4936,6RMG,B,77.3,39.7,88.0,50.8
29439,8FTK,A,36.9,5.5,48.5,4.6
8954,6E15,C,45.2,8.9,47.2,9.6
8954,6E15,F,29.2,6.7,37.0,8.8
8954,6E15,G,38.9,10.7,35.4,11.8
8954,6E15,H,15.4,2.3,28.7,7.5
13587,7PQ5,L,88.8,63.1,81.0,71.9
35080,8HW1,A,72.6,88.0,90.9,73.1
35080,8HW1,C,81.7,82.2,96.7,79.4
35080,8HW1,D,86.3,80.8,96.3,77.6
35080,8HW1,K,79.3,76.4,95.4,66.5
35080,8HW1,F,70.5,75.3,97.1,63.2
35080,8HW1,G,72.2,81.6,94.2,81.9
35080,8HW1,B,83.0,43.0,91.7,87.8
35080,8HW1,I,82.2,37.9,94.2,77.5
35080,8HW1,E,77.6,57.2,97.5,78.7
35080,8HW1,J,74.3,63.1,86.7,78.9
7006,6AUI,A,52.1,27.6,74.4,17.9
7006,6AUI,C,46.8,33.2,61.5,36.2
7006,6AUI,D,42.4,19.0,73.2,40.4
7006,6AUI,F,50.5,11.4,63.1,32.8
7006,6AUI,B,48.2,49.9,64.7,39.4
7006,6AUI,E,41.6,37.7,69.8,39.4
18351,8QEC,A,62.8,54.0,73.2,64.1
4759,6R8F,A,86.6,40.8,95.0,8.0
4759,6R8F,C,74.8,3.9,84.0,29.5
4759,6R8F,D,67.4,31.6,80.9,5.4
4759,6R8F,K,67.6,27.5,84.4,51.0
4759,6R8F,G,34.3,6.9,20.5,9.3
4759,6R8F,B,85.2,20.9,93.5,73.5
4759,6R8F,E,78.1,26.2,82.9,32.2
4759,6R8F,L,70.3,16.5,77.5,9.9
16708,8CL0,A,77.6,60.2,83.6,81.0
16708,8CL0,C,74.0,69.2,90.7,83.6
16708,8CL0,D,78.5,59.5,85.5,80.9
16708,8CL0,K,66.7,100.0,58.3,100.0
16708,8CL0,F,78.0,79.6,85.5,74.3
16708,8CL0,G,72.7,100.0,63.6,28.6
16708,8CL0,B,81.7,69.5,89.7,77.0
16708,8CL0,E,75.7,74.1,85.5,77.0
16708,8CL0,L,58.3,100.0,66.7,25.0
16708,8CL0,J,58.3,14.3,66.7,12.5
21545,6W5R,A,50.8,25.4,62.5,38.7
32117,7VT0,A,36.5,11.6,66.1,14.2
32117,7VT0,B,35.3,14.1,67.7,32.7
33469,7XUH,A,88.8,85.8,91.1,91.8
3984,6EZ8,B,95.5,85.9,96.6,82.6
9975,6KG7,C,61.8,53.3,76.4,45.9
9975,6KG7,B,69.3,58.3,74.2,55.6
6487,3JBX,C,63.1,11.0,79.3,22.7
6487,3JBX,D,31.1,8.3,67.0,6.0
6487,3JBX,B,43.0,4.0,47.0,5.5
12931,7OIK,B,17.0,15.4,19.6,10.0
23222,7L85,A,92.3,80.2,96.2,81.0
23222,7L85,C,89.0,93.3,95.8,69.0
23222,7L85,Q,91.5,90.7,95.8,96.5
23222,7L85,P,91.3,78.9,99.0,96.1
23222,7L85,M,92.4,79.8,94.9,82.1
23222,7L85,D,92.3,85.4,35.6,10.8
23222,7L85,R,93.3,95.9,97.1,69.3
23222,7L85,K,94.9,93.8,95.8,83.2
23222,7L85,F,92.3,76.0,91.3,93.7
23222,7L85,W,91.3,72.6,98.1,96.1
23222,7L85,G,92.4,89.9,97.5,91.3
23222,7L85,B,94.9,95.5,93.2,73.6
23222,7L85,S,87.3,78.6,95.8,97.3
23222,7L85,I,93.2,90.9,90.7,97.2
23222,7L85,Y,93.3,93.8,95.2,96.0
23222,7L85,O,89.8,93.4,95.8,87.6
23222,7L85,V,87.3,83.5,94.9,70.5
23222,7L85,N,90.4,80.9,92.3,79.2
23222,7L85,T,91.3,78.9,97.1,96.0
23222,7L85,E,94.1,88.3,94.9,79.5
